{"loss":{"0":0.024322493,"1":0.0241668914,"2":0.0241523255,"3":0.0240501072,"4":0.023984408,"5":0.0240375809,"6":0.0240655169,"7":0.0239127204,"8":0.024158299,"9":0.023971675,"10":0.0238323789,"11":0.0239143595,"12":0.0238082148,"13":0.0236767847,"14":0.0237951614,"15":0.0237430744,"16":0.0237285346,"17":0.023735268,"18":0.0235630237,"19":0.0238252431,"20":0.0236039627,"21":0.0238055941,"22":0.0237794388,"23":0.0234082937,"24":0.0237606633,"25":0.0234938916,"26":0.0236227196,"27":0.0236645956,"28":0.0236152466,"29":0.0236389954,"30":0.0235546902,"31":0.0236065928,"32":0.0235291272,"33":0.0235424675,"34":0.0235771369,"35":0.0233370531,"36":0.0234405249,"37":0.02345852,"38":0.0235139765,"39":0.0236749891,"40":0.0234593786,"41":0.0233207047,"42":0.0237398762,"43":0.0233473536,"44":0.0233774409,"45":0.0235005282,"46":0.0234647896,"47":0.0235984381,"48":0.0235637538,"49":0.0235513765,"50":0.0232395343,"51":0.0233991649,"52":0.0234416556,"53":0.0235317592,"54":0.0236961804,"55":0.0234766379,"56":0.0234336872,"57":0.023420807,"58":0.0233799871,"59":0.0232789516,"60":0.0233975593,"61":0.0236499719,"62":0.0234676804,"63":0.023432184,"64":0.0231217407,"65":0.0235083196,"66":0.0235399343,"67":0.0233151522,"68":0.0235490799,"69":0.0234306194,"70":0.0233067311,"71":0.0233495664,"72":0.0232290104,"73":0.0233739167,"74":0.0233703256,"75":0.0233876128,"76":0.023474697,"77":0.0234842487,"78":0.0232673362,"79":0.0234571118,"80":0.0233069118,"81":0.0232269373,"82":0.0233319513,"83":0.0233343784,"84":0.0232876502,"85":0.0233593043,"86":0.0232313387,"87":0.0232468285,"88":0.0234018378,"89":0.0234312564,"90":0.0233797599,"91":0.0234620348,"92":0.0234176368,"93":0.0234439727,"94":0.023258483,"95":0.0231451876,"96":0.0233117882,"97":0.0233129747,"98":0.0233041551,"99":0.0235786438},"accuracy":{"0":0.9874133468,"1":0.9873872995,"2":0.9875045419,"3":0.9874133468,"4":0.9874655008,"5":0.987126708,"6":0.9873872995,"7":0.9875827432,"8":0.9874524474,"9":0.9872961044,"10":0.9872179031,"11":0.9871527553,"12":0.9873872995,"13":0.9871006608,"14":0.9873090982,"15":0.9875436425,"16":0.987439394,"17":0.9873351455,"18":0.9875306487,"19":0.9876999855,"20":0.9871788025,"21":0.9874002934,"22":0.9874655008,"23":0.987283051,"24":0.9873742461,"25":0.9877390862,"26":0.9875957966,"27":0.9874524474,"28":0.9871006608,"29":0.9873742461,"30":0.9874524474,"31":0.9878302813,"32":0.9877912402,"33":0.9873872995,"34":0.9874002934,"35":0.9873872995,"36":0.9875175953,"37":0.9873481989,"38":0.9875045419,"39":0.9873872995,"40":0.987647891,"41":0.9875696898,"42":0.9869573116,"43":0.9875566959,"44":0.9873742461,"45":0.9872439504,"46":0.9876609445,"47":0.9871918559,"48":0.9874524474,"49":0.9873090982,"50":0.9878302813,"51":0.9874264002,"52":0.9871527553,"53":0.9873612523,"54":0.9871658087,"55":0.9875827432,"56":0.9872570038,"57":0.9873872995,"58":0.9872048497,"59":0.987439394,"60":0.9876609445,"61":0.9871397018,"62":0.9873612523,"63":0.9875306487,"64":0.9878824353,"65":0.9877781868,"66":0.987439394,"67":0.9876218438,"68":0.987283051,"69":0.9876348376,"70":0.9873351455,"71":0.9877130389,"72":0.9875957966,"73":0.987439394,"74":0.9873221517,"75":0.9872570038,"76":0.9874524474,"77":0.9874655008,"78":0.9877130389,"79":0.9876609445,"80":0.9874524474,"81":0.9875045419,"82":0.9875827432,"83":0.9872570038,"84":0.9876739383,"85":0.9873742461,"86":0.9872699976,"87":0.9875957966,"88":0.9872570038,"89":0.9872309566,"90":0.9869312644,"91":0.9875566959,"92":0.987074554,"93":0.9873221517,"94":0.9878433347,"95":0.9877651334,"96":0.987804234,"97":0.9876348376,"98":0.9875566959,"99":0.9873481989}}